This text contains information about the new version of the program,informative
I want to order a new furniture system for the office,work
Discount on all products until the end of the week,advertising
I need to book a hotel for next week,personally
This message contains unwanted advertising,spam
We offer you to use our delivery,advertising
An important business meeting with a client will take place tomorrow,work
This e-mail contains confidential information,informative
What are your plans for the weekend,personal
You have received a new informational message from your friend,informative
We offer to buy two units of the product and get a discount,advertising
Happy birthday,personal
Please let me know when the working report will be ready,work
This spam message is a supporter of our raffle and got the opportunity to buy our products with a 50% discount! Visit our site to take advantage of the offer.,spam
This message contains important information about changes in the work schedule,work
You have little time left to complete this task,work
I suggest you meet next week at work,work
I need your help with this project,work
How do you feel about a new idea for an advertising campaign?,advertising
We offer you a special offer for these promotional products,advertising
New collections are in stock! Hurry up to place an order,advertising
Learn more about our services on our website,advertising
I really want to meet you in person,personal
Today is my birthday,personal
I am very worried about this situation,personally
Thank you for your support during these difficult times,personally
This e-mail contains information about changes in our company,informative
Details about our new product are available on our website,informative
I would like to tell you about a new service that we provide,informative
We invite you to subscribe to our newsletter to keep up to date with the latest news and information,informative
This is a spam message,spam
Congratulations! You just won the lottery,spam
This service guarantees you earnings without effort,spam
Buy our product now and get a discount from us,spam
This text contains spam,spam
Thank you for your request. We will contact you soon,work
You need to prepare for the next working meeting,work
If you find time you can talk on the phone at work,work
We have planned a corporate event for the next working month,work
Carefully review this information about our company,advertising
The most popular products for the last month are promotional products,advertising
New clients receive a discount on our advertising services,advertising
It has never been so easy to purchase our promotional products,advertising
I can't wait for our meeting this weekend,personally
I am currently on vacation in a warm country,personally
I will be glad to learn about your personal news,personally
Maybe we'll play golf this weekend?,personally
We remind you that the deadline for submitting the report is tomorrow,informative
We have released a new version of our informational software,informative
We are holding an informational promotion for our services until the end of the week,informative
From now on we work in a 24/7,informative
This is spam please ignore this message, spam
Have you already received our special offer?,spam
We found a way to earn money without large investments,spam
Get the most out of our offer,spam
We offer you a special course on web design,spam
Good day! We are pleased to inform you that your order has been successfully processed and shipped,work
Please do not forget to send the completed questionnaire by the end of the working week,work
A new section has appeared on our website with useful information,work
What time is suitable for you to hold the next meeting?,work
See what wonderful products you can buy in our store,advertising
Learn more about our services on our website,advertising
Try our new products and find what suits you best,advertising
Do not miss the opportunity to take advantage of our profitable promotions,advertising
How are you? It would be great to meet in person this weekend,personally
Congratulations on the upcoming birthday! I wish you all the best,personally
Let's meet soon and celebrate our personal success,personally
You are extremely talented and I would like to know more about your achievements,personally
We inform you that due to technical problems our services will be temporarily unavailable,informative
Our specialists are working on solving the problem and we will inform you as soon as everything is restored,informative
We are opening a new branch of our company in another city,informative
Learn more about our company and its history on our information website,informative
You have won a free subscription to our services! Just go to our site to claim your prize,spam
Congratulations! You received a bonus in the form of a credit to your account,spam
Your account has been hacked please contact our support service,spam
Buy our products and get a discount of up to 50% from our company,spam
Open a letter from our company and get a unique opportunity to receive a free consultation,spam
We invite you to a free informational marketing seminar from our company,informative
Our experts will share their experience with you and give useful and informative advice,informative
Congratulations on opening your new business! Find out how our services can help you make it successful,informative
To confirm your order please fill out the form on our working website,work
If you have any questions contact our support service,work
We appreciate your thoughts and suggestions please leave a review on our website,work
Thank you for purchasing our products please leave a review about them on our website,work
Would you like a free consultation with our expert? Fill out the form on our website, personal
We have a 20% discount on all promotional products,advertising
The new collection is already in our store,advertising
We need a programmer for full-time,work
We are looking for a sales manager,work
We invite you to our informative webinar on improving business efficiency,information
If you need help contact our support service,information
Check your account on our website,personal
Pay attention to the update of our application,personal
Happy Easter! All the best,personal
Get free delivery on orders over UAH 500,advertising
We invite you to a free informational cooking master class,information
We are recruiting specialists with knowledge of the English language,work
Hello! How are you,personal
Subscribe to our newsletter to keep up to date with the latest events and information,information
Sale of office space in the city center,advertising
We are looking for a developer for a project with artificial intelligence,work
Your order is ready for shipment,personal
We remind you about our promotion for the summer collection,advertising
Start training with us and get an additional discount,advertising
Please pay attention to the new information rules for using the site,information
We are looking for a manager with knowledge of the German language,working
Today is the last day of the sale hurry up,advertisers
We invite you to a conference on marketing,information
Buy our product with free shipping,advertising
Announcement: recruiting for free informational English language courses,information
Happy birthday,personal
We need a copywriter for part-time,work
Pay attention to our new,advertising
Important information: changes in the work schedule,informational
Your order has been cancelled,personal
We are looking for a driver for a permanent job,work
Join our loyalty club and receive bonuses,advertising
We inform you about the technical repair of our website,informational
Order food delivery online and get a discount,advertising
Today there will be a course on informational photography,informational
Congratulations on winning the competition,personal
We are looking for a programmer for a mobile application development project,work
New: we released a new line of cosmetics,advertising
We inform you about the change in the work schedule due to the holidays,informational
Your application has been accepted wait for our call,personal
We need a sales manager with work experience,work
Buy goods in the amount of 500 UAH and receive a gift,advertising
We are announcing a competition for the best photo of recreation,informational
We invite you to an informational art exhibition,informational
New: a new collection of clothes,advertising
Congratulations on the spring holiday and we offer discounts on flowers and advertising,advertising
We need a forwarder driver for permanent work,work
We inform you about the change of the address of the store,informational
Congratulations on our new store in your city,advertising
Your order is ready for shipment,personal
We need a courier with his own car,work
New: we released a new collection of perfumes,advertising
We invite you to a party on the occasion of the opening of our cafe,advertising
We are announcing an important software update,informational
Happy birthday and give a discount on any product,advertising
We need a full-time accountant,work
We remind you about the validity period of your season ticket,informational
Join our loyalty program and receive bonuses for every purchase,advertising
We congratulate you on the New Year and offer discounts on New Year's gifts and advertising,advertising
We inform you about the change in the work schedule due to the holidays,information
We need drivers for cargo transportation,work
We invite you to free informational cooking workshops,informational
We congratulate you on the Easter holiday and offer discounts on paschas and eggs,advertising
We offer work in the sales office,work
We inform you about the change in the phone number of the support and information service,informational
We congratulate the Children's Protection Day and give each child a gift,advertising
Specialists in the installation of ventilation systems are needed,work
New: a new version of the software has been released,informative
We invite you to a summer party in the pool advertising,advertising
We congratulate you on Independence Day and offer discounts on Ukrainian goods and advertising,advertising
We are looking for a courier for a permanent job,working
We remind you about the need to pay the bill for utility and information services,informational
We offer to buy a ticket for a concert of a Ukrainian singer,advertising
We are looking for a software tester,work
We inform you about the change in the work schedule for public holidays,informational
We offer to buy jewelry with natural stones,advertising
We are looking for a forwarder driver for international transportation,work
We remind you about the need for regular car maintenance,informative
We invite you to the opening of a new store with furniture,advertising
We congratulate you on your birthday and give you a discount on our advertising services,advertising
Congratulations on the victory at the Olympiad and we are proud of our students,individuals
We are looking for a manager of sales of food industry products,work
We inform you about the change in the work schedule in connection with the quarantine,informational
We invite you to a free seminar on business development and advertising,advertising
We are pleased to announce the opening of a new cinema in the city center,advertising
We are looking for a qualified specialist in the maintenance of computer equipment,work
We inform you about a discount on excursions in a mountain resort,advertising
We suggest visiting the museum of national culture,advertising
We remind you about the need to check the water in the pool before the start of the season,informative
We are looking for a full-time cashier in a home appliance store,work
Buy a ticket for a concert of your favorite artist on our website,advertising
We congratulate the graduates and wish them success in their further studies,personally
We are looking for a software developer to work in a startup,work
We inform you about changes in the rules for using the bank's informational services,informational
We offer free delivery for orders over UAH 500,advertising
We invite you to the opening of a new water sports club,advertising
We are looking for a part-time nurse,work
We would like to inform you that city transport will operate according to a changed schedule for the holiday,informational
We offer professional translation services in Ukrainian,advertising
We congratulate you on the holiday of March 8 and wish you personal happiness and health,personally
We are looking for a sales manager of auto parts,work
We remind you that you need to pay for utilities by the 10th of each month,informational
We congratulate the winners of the Olympiad and wish them further success,personally
We offer a new collection of shoes on our website with free delivery,advertising
We are looking for a hotel administrator to work in a cozy corner of the Carpathians,work
We would like to inform you that the store has launched a promotion for the entire assortment,advertising
We offer the services of a dentist at home with a discount for the first examination,advertising
We invite you to English language courses for children and adults,advertising
We are looking for a driver with his own car to deliver food,work
We would like to remind you that from September 1,informational
We offer the services of a professional photographer for your holiday with a discount on a full-day advertising package,advertising
We congratulate you on Easter and wish you peace and harmony,personal
We congratulate you on your birthday and wish you the fulfillment of all your personal dreams and plans,personal
We are looking for a sales consultant in an electronics store for full-time work,work
We would like to inform you that a new supermarket has been opened with discounts on the entire assortment,advertising
We remind you that it is necessary to send the income declaration by May 1,informational
We offer hairdressing services at home with a discount for the first visit,advertising
We invite you to the presentation of a new food product of our company,advertising
We are looking for a computer science teacher to work with children in a children's camp,work
We inform you that our company has changed its address and phone information,informational
We would like to remind you that the school has started accepting applications for admission to the 1st grade,informational
We offer home massage services with a discount for the first session,advertising
Congratulations on the victory in sports competitions and we wish you further success,personally
We are looking for a courier with his own car to deliver food,work
We would like to inform you that new clothing and advertising collections are available,advertising
We remind you that it is necessary to pay real estate tax by June 1,informational
We offer hairdressing services for men with a discount for the first visit,advertising
We invite you to the opening of a new store with big discounts on all promotional products,advertising
We are looking for a financial analyst to work in the bank as a department head,work
We would like to inform you that in connection with the holidays we are working on a reduced schedule,informational
We remind you that it is necessary to extend the housing lease until July 1,informational
We offer masseur services for pregnant women with a discount for the first session,advertising
We are looking for an engineer with work experience to develop new projects in the field of energy,work
We are sending an invitation to a meeting with representatives of our company to discuss the possibilities of cooperation,advertising
We inform you that due to technical problems the order processing department works with errors,informational
We invite everyone to a free webinar on business development in times of crisis,advertising
We would like to remind you that from June 1 tariffs for communal services and information will change,informational
We offer the services of a translator from the English language for the conclusion of international contracts,work
We are looking for a sales manager to work with clients in the field of IT technologies,work
We would like to inform you that from July 1 the work schedule of the order processing,informational
We remind you that you need to submit a declaration of income by April 30,informational
We offer the services of a lawyer to protect the rights of entrepreneurs,advertising
We offer data recovery services from broken hard drives,advertising
We are looking for a candidate for the position of head of the finance department with working knowledge of English,work
We would like to inform you that from September 1 a new traffic schedule will be introduced,informational
We are sending a promo code for a 20% discount on all advertising services of our company,advertising
We invite everyone to the opening of a new store in the city center,advertising
We are looking for an advertising specialist to work in our company,work
We would like to inform you that from January 1 the minimum wage will increase,informational
We remind you that you need to pay taxes by April 15,informational
We offer services for the development of websites and mobile applications,advertising
We are looking for a candidate for the position of an electronics engineer for the development of new devices,work
We invite you to a free presentation of our new product,advertising
We are looking for a candidate for the position of lawyer specializing in family and labor law,work
We are sending informational proposals for improving the conditions of cooperation between our company and yours,information
We inform you that due to worsening weather conditions transport may move with a delay,information
We offer services for professional learning of the English language,advertising
We invite you to a free information seminar on project management,information
We are looking for a candidate for the position of teacher in programming,work
We are sending a promo code for a 10% discount on the first order in our online store,advertising
We would like to inform you that in connection with the repair works on the road there may be delays in the movement of transport,informational
We offer services for the repair of washing machines of any brand,advertising
We are looking for a candidate for the position of head of the sales department,work
We offer services for organizing children's holidays and events,advertising
We are sending the traffic schedule for the next week,informative
We are looking for a candidate for the position of car sales manager,work
Answer to the request regarding working documents,work
Confirmation of registration for the course,work
Request for a working meeting,work
Project proposal,work
Invitation to a meeting,work
The last discount on furniture,advertising
New clothing collections,advertising
Special offer for equipment,advertising
Discount on branded cosmetic products,advertising
Promotional prices for electronics,advertising
Sincere congratulations on the holiday,personally
Party invitations,personally
Happy birthday,personally
Wedding invitations,personally
Happy Easter,personally
News from the company,information