Цей текст містить інформацію про нову версію програми,інформаційні
Я хочу замовити нову меблеву систему для офісу,робочі
Знижка на всі товари до кінця тижня,рекламні
Мені потрібно забронювати готель на наступний тиждень,особисті
Це повідомлення містить небажану рекламу,спам
Пропонуємо вам скористатися нашою послугою доставки,рекламні
Завтра відбудеться важлива зустріч з клієнтом,робочі
Цей електронний лист містить конфіденційну інформацію,інформаційні
Які ваші плани на вихідні,особисті
Ви отримали нове повідомлення від свого друга,інформаційні
Пропонуємо купити дві одиниці товару і отримати знижку,рекламні
Вітаю з днем народження,особисті
Будь ласка повідомте мені коли буде готовий звіт,робочі
Це спамове повідомленняспаможцем нашого розіграшу і отримали можливість придбати наші товари зі знижкою в 50%! Відвідайте наш сайт щоб скористатися пропозицією.,спам
Це повідомлення містить важливу інформацію про зміни в робочому графіку,робочі
У вас залишилось мало часу для виконання цього завдання,робочі
Я пропоную вам зустрітися наступного тижня,робочі
Мені потрібен ваш допомога з цим проектом,робочі
Як ви відноситесь до нової ідеї для рекламної кампанії?,рекламні
Пропонуємо вам спеціальну пропозицію на ці товари,рекламні
Нові колекції вже на складі! Встигніть зробити замовлення,рекламні
Дізнайтеся більше про наші послуги на нашому веб-сайті,рекламні
Я дуже хочу з вами зустрітися,особисті
Сьогодні мій день народження,особисті
Я дуже переживаю через цю ситуацію,особисті
Дякую за вашу підтримку в ці важкі часи,особисті
Цей електронний лист містить інформацію про зміни в нашій компанії,інформаційні
Подробиці про наш новий продукт доступні на нашому веб-сайті,інформаційні
Я хотів би розповісти вам про нову послугу яку ми надаємо,інформаційні
Пропонуємо вам підписатися на нашу розсилку щоб бути в курсі останніх новин,інформаційні
Це спамове повідомлення,спам
Вітаю! Ви щойно виграли лотерею,спам
Ця послуга гарантує вам заробіток без зусиль,спам
Купіть наш продукт зараз і отримайте знижку від нас,спам
Цей текст містить спам,спам
Дякуємо за ваше звернення. Ми незабаром зв'яжемося з вами,робочі
Вам необхідно підготуватися до наступного засідання,робочі
Якщо ви знайдете час можна поговорити по телефону,робочі
Ми запланували корпоративний захід на наступний місяць,робочі
Уважно перегляньте цю інформацію про нашу компанію,рекламні
Найбільш популярні товари за останній місяць,рекламні
Нові клієнти отримують знижку на наші послуги,рекламні
Ще ніколи не було так легко придбати наші товари,рекламні
Не можу дочекатися нашої зустрічі на вихідних,особисті
Я зараз на відпустці в теплій країні,особисті
Буду радий дізнатися про ваші новини,особисті
Може зіграємо в гольф в ці вихідні?,особисті
Нагадуємо що останній термін для здачі звіту - завтра,інформаційні
Ми випустили нову версію нашого програмного забезпечення,інформаційні
Проводимо акцію на наші послуги до кінця тижня,інформаційні
Відтепер ми працюємо в режимі 24/7,інформаційні
Це спам будь ласка ігноруйте це повідомлення,спам
Ви вже отримали нашу спеціальну пропозицію?,спам
Ми знайшли спосіб як заробити гроші без великих вкладень,спам
Отримайте максимальну вигоду від нашої пропозиції,спам
Пропонуємо вам спеціальний курс з веб-дизайну,спам
Доброго дня! Ми раді повідомити вам що ваше замовлення було успішно оброблене і відправлене,робочі
Будь ласка не забудьте надіслати заповнену анкету до кінця тижня,робочі
На нашому сайті з'явився новий розділ з корисною інформацією,робочі
Який час вам підходить для проведення наступної зустрічі?,робочі
Подивіться які прекрасні товари ви можете придбати в нашому магазині,рекламні
Дізнайтеся більше про наші послуги на нашому сайті,рекламні
Спробуйте наші нові продукти та знайдіть те що вам підходить найбільше,рекламні
Не втрачайте можливість скористатися нашими вигідними акціями,рекламні
Як справи? Було б чудово зустрітися на цих вихідних,особисті
Вітаю з наступаючим Днем Народження! Бажаю вам усього найкращого,особисті
Давайте зустрінемося в ближчий час і відсвяткуємо наш успіх,особисті
Ви надзвичайно талановиті і я хотів би дізнатися більше про ваші досягнення,особисті
Повідомляємо що у зв'язку з технічними проблемами наші послуги будуть тимчасово недоступні,інформаційні
Наші фахівці працюють над вирішенням проблеми і ми повідомимо вас як тільки все буде відновлено,інформаційні
Відкриваємо нове відділення нашої компанії в іншому місті,інформаційні
Дізнайтеся більше про нашу компанію і її історію на нашому сайті,інформаційні
Ви виграли безкоштовну підписку на наші послуги! Просто перейдіть на наш сайт щоб отримати свій приз,спам
Вітаємо! Ви отримали бонус у вигляді кредиту на свій рахунок,спам
Ваш акаунт було взломано будь ласка зверніться до нашої служби підтримки,спам
Купіть наші продукти та отримайте знижку до 50% від нашої компанії,спам
Відкрийте лист від нашої компанії і отримайте унікальну можливість отримати безкоштовну консультацію,спам
Запрошуємо вас на безкоштовний семінар з маркетингу від нашої компанії,інформаційні
Наші експерти поділяться з вами своїм досвідом та дадуть корисні поради,інформаційні
Вітаємо з відкриттям вашого нового бізнесу! Дізнайтеся як наші послуги можуть допомогти вам зробити його успішним,інформаційні
Для підтвердження вашого замовлення будь ласка заповніть форму на нашому сайті,робочі
Якщо виникнуть будь-які питання зверніться до нашої служби підтримки,робочі
Ми цінуємо ваші думки та пропозиції будь ласка залиште відгук на нашому сайті,робочі
Дякуємо вам за придбання наших товарів будь ласка залиште відгук про них на нашому сайті,робочі
Чи бажаєте ви отримати безкоштовну консультацію з нашим експертом? Заповніть форму на нашому сайті,особисті
У нас знижка 20% на всі товари,рекламні
Нова колекція вже у нас в магазині,рекламні
Потрібен програміст на повний робочий день,робочі
Шукаємо менеджера з продажу,робочі
Запрошуємо вас на наш вебінар про підвищення ефективності бізнесу,інформаційні
Якщо вам потрібна допомога зверніться до нашої служби підтримки,інформаційні
Перевірте свій обліковий запис на нашому сайті,особисті
Зверніть увагу на оновлення нашого додатку,особисті
Вітаємо зі святом Великодня! Всього найкращого,особисті
Отримуйте безкоштовну доставку при замовленні від 500 грн,рекламні
Запрошуємо на безкоштовний майстер-клас з кулінарії,інформаційні
Набираємо спеціалістів зі знанням англійської мови,робочі
Привіт! Як справи,особисті
Підпишіться на нашу розсилку новин щоб бути в курсі останніх подій,інформаційні
Продаж офісного приміщення в центрі міста,рекламні
Шукаємо розробника на проект зі штучним інтелектом,робочі
Ваше замовлення готове до відправлення,особисті
Нагадуємо про нашу акцію на літню колекцію,рекламні
Розпочніть навчання з нами і отримайте додаткову знижку,рекламні
Зверніть увагу на нові правила користування сайтом,інформаційні
Шукаємо менеджера зі знанням німецької мови,робочі
Сьогодні останній день розпродажу поспішайте,рекламні
Запрошуємо на конференцію про маркетинг,інформаційні
Придбайте наш продукт з безкоштовною доставкою,рекламні
Оголошення: проводиться набір на безкоштовні курси англійської мови,інформаційні
Вітаємо з Днем народження,особисті
Потрібен копірайтер на парт-тайм,робочі
Зверніть увагу на наші нові ціни,рекламні
Важлива інформація: зміни в графіку роботи,інформаційні
Ваше замовлення скасовано,особисті
Шукаємо водія на постійну роботу,робочі
Долучайтеся до нашого клубу лояльності та отримуйте бонуси,рекламні
Повідомляємо про технічний ремонт нашого сайту,інформаційні
Замовте доставку їжі онлайн та отримайте знижку,рекламні
Сьогодні відбудеться курс з фотографії,інформаційні
Вітаємо з перемогою в конкурсі,особисті
Шукаємо програміста на проект з розробки мобільного додатку,робочі
Новинка: ми випустили нову лінійку косметики,рекламні
Повідомляємо про зміну графіку роботи в зв'язку зі святковими днями,інформаційні
Ваша заявка прийнята очікуйте на наш дзвінок,особисті
Потрібен менеджер з продажу з досвідом роботи,робочі
Купуйте товари на суму від 500 грн та отримайте подарунок,рекламні
Оголошуємо конкурс на краще світлину відпочинку,інформаційні
Запрошуємо на виставку мистецтва,інформаційні
Новинка: випущено нову колекцію одягу,рекламні
Вітаємо зі святом весни та пропонуємо знижки на квіти,рекламні
Потрібен водій-експедитор на постійну роботу,робочі
Повідомляємо про зміну адреси магазину,інформаційні
Вітаємо з нашим новим магазином у вашому місті,рекламні
Ваше замовлення готове до відправлення,особисті
Потрібен кур'єр з власним авто,робочі
Новинка: ми випустили нову колекцію парфумів,рекламні
Запрошуємо на вечірку з нагоди відкриття нашого кафе,рекламні
Повідомляємо про важливе оновлення програмного забезпечення,інформаційні
Вітаємо з днем народження та даруємо знижку на будь-який товар,рекламні
Потрібен бухгалтер на повний робочий день,робочі
Нагадуємо про термін дії вашого абонементу,інформаційні
Долучайтеся до нашої програми лояльності та отримуйте бонуси за кожну покупку,рекламні
Вітаємо зі святом Нового року та пропонуємо знижки на новорічні подарунки,рекламні
Повідомляємо про зміну графіку роботи у зв'язку зі святами,інформаційні
Потрібні водії на вантажні перевезення,робочі
Запрошуємо на безкоштовні майстер-класи з кулінарії,інформаційні
Вітаємо зі святом Великодня та пропонуємо знижки на паски та крашанки,рекламні
Пропонуємо роботу в офісі продажів,робочі
Повідомляємо про зміну номеру телефону служби підтримки,інформаційні
Вітаємо з Днем захисту дітей та даруємо кожній дитині подарунок,рекламні
Потрібні фахівці з монтажу систем вентиляції,робочі
Новинка: випущено нову версію програмного забезпечення,інформаційні
Запрошуємо на літню вечірку у басейні,рекламні
Вітаємо з Днем Незалежності та пропонуємо знижки на українські товари,рекламні
Шукаємо кур'єра на постійну роботу,робочі
Нагадуємо про необхідність оплати рахунку за комунальні послуги,інформаційні
Пропонуємо купити квиток на концерт української співачки,рекламні
Шукаємо тестувальника програмного забезпечення,робочі
Повідомляємо про зміну графіку роботи на святкові дні,інформаційні
Пропонуємо купити біжутерію з натуральними каменями,рекламні
Шукаємо водія-експедитора на міжнародні перевезення,робочі
Нагадуємо про необхідність регулярної профілактики автомобіля,інформаційні
Запрошуємо на відкриття нового магазину з меблями,рекламні
Вітаємо з Днем народження та даруємо знижку на наші послуги,рекламні
Вітаємо з перемогою на олімпіаді та пишаємось нашими студентами,особисті
Шукаємо менеджера з продажу виробів харчової промисловості,робочі
Повідомляємо про зміну розкладу роботи в зв'язку з карантином,інформаційні
Запрошуємо на безкоштовний семінар з розвитку бізнесу,рекламні
Раді повідомити про відкриття нового кінотеатру в центрі міста,рекламні
Шукаємо кваліфікованого фахівця з обслуговування комп'ютерної техніки,робочі
Повідомляємо про знижку на екскурсії в гірському курорті,рекламні
Пропонуємо відвідати музей національної культури,рекламні
Нагадуємо про необхідність перевірки води в басейні перед початком сезону,інформаційні
Шукаємо касира на повний робочий день в магазині побутової техніки,робочі
Придбайте квиток на концерт улюбленого виконавця на нашому сайті,рекламні
Вітаємо випускників та бажаємо успіху у подальшому навчанні,особисті
Шукаємо розробника програмного забезпечення для роботи у стартапі,робочі
Повідомляємо про зміни у правилах користування послугами банку,інформаційні
Пропонуємо безкоштовну доставку при замовленні на суму понад 500 грн,рекламні
Запрошуємо на відкриття нового клубу з водних видів спорту,рекламні
Шукаємо медичну сестру на неповний робочий день,робочі
Повідомляємо про те що міський транспорт працюватиме за зміненим розкладом на свято,інформаційні
Пропонуємо послуги професійного перекладу українською мовою,рекламні
Вітаємо зі святом 8 березня та бажаємо щастя і здоров'я,особисті
Шукаємо менеджера з продажу автозапчастин,робочі
Нагадуємо що потрібно оплатити комунальні послуги до 10 числа кожного місяця,інформаційні
Вітаємо переможців олімпіади та бажаємо подальших успіхів,особисті
Пропонуємо нову колекцію взуття на нашому сайті з безкоштовною доставкою,рекламні
Шукаємо адміністратора готелю для роботи у затишному закутку Карпат,робочі
Повідомляємо про те що в магазині розпочалась акція на весь асортимент,рекламні
Пропонуємо послуги стоматолога на дому зі знижкою на перше обстеження,рекламні
Запрошуємо на курси англійської мови для дітей та дорослих,рекламні
Шукаємо водія з власним автомобілем для доставки продуктів харчування,робочі
Нагадуємо що з 1 вересня вступає в силу новий порядок оформлення документів,інформаційні
Пропонуємо послуги професійного фотографа для вашого свята зі знижкою на пакет повний день,рекламні
Вітаємо зі святом Великодня та бажаємо миру та злагоди,особисті
Вітаємо з Днем народження та бажаємо здійснення всіх мрій та задумів,особисті
Шукаємо продавця-консультанта в магазин електроніки для роботи на повну ставку,робочі
Повідомляємо про те що відкрито новий супермаркет зі знижками на весь асортимент,рекламні
Нагадуємо про те що необхідно відправити декларацію про доходи до 1 травня,інформаційні
Пропонуємо послуги перукаря на дому зі знижкою на перший візит,рекламні
Запрошуємо на презентацію нового продукту з харчування нашої компанії,рекламні
Шукаємо вчителя інформатики для роботи з дітьми в дитячому таборі,робочі
Повідомляємо про те що наша компанія змінила адресу та телефон,інформаційні
Нагадуємо про те що в школі розпочинається прийом заяв на вступ до 1 класу,інформаційні
Пропонуємо послуги масажиста з виїздом на дім зі знижкою на перше заняття,рекламні
Вітаємо з перемогою в спортивних змаганнях та бажаємо подальших успіхів,особисті
Шукаємо кур'єра з власним авто для доставки продуктів харчування,робочі
Повідомляємо про те що в наявності з'явились нові колекції одягу,рекламні
Нагадуємо про те що необхідно сплатити податок на нерухомість до 1 червня,інформаційні
Пропонуємо послуги перукаря для чоловіків зі знижкою на перший візит,рекламні
Запрошуємо на відкриття нового магазину з великими знижками на всі товари,рекламні
Шукаємо фінансового аналітика для роботи в банку на посаді керівника відділу,робочі
Повідомляємо про те що у зв'язку зі святами ми працюємо за скороченим режимом,інформаційні
Нагадуємо про те що необхідно продовжити договір оренди житла до 1 липня,інформаційні
Пропонуємо послуги масажиста для жінок вагітних зі знижкою на перше заняття,рекламні
Шукаємо інженера з досвідом роботи для розробки нових проектів в галузі енергетики,робочі
Надсилаємо запрошення на зустріч з представниками нашої компанії для обговорення можливостей співпраці,рекламні
Повідомляємо про те що в зв'язку з технічними проблемами відділ обробки замовлень працює з помилками,інформаційні
Запрошуємо всіх на безкоштовний вебінар про розвиток бізнесу в умовах кризи,рекламні
Нагадуємо про те що з 1 червня змінюються тарифи на комунальні послуги,інформаційні
Пропонуємо послуги перекладача з англійської мови для укладення міжнародних договорів,робочі
Шукаємо менеджера з продажів для роботи з клієнтами в галузі IT-технологій,робочі
Повідомляємо про те що з 1 липня змінюється розклад роботи відділу обробки замовлень,інформаційні
Нагадуємо про те що потрібно подати декларацію про доходи до 30 квітня,інформаційні
Пропонуємо послуги адвоката для захисту прав підприємців,рекламні
Пропонуємо послуги відновлення даних зі зламаних жорстких дисків,рекламні
Шукаємо кандидата на посаду керівника відділу фінансів зі знанням англійської мови,робочі
Повідомляємо про те що з 1 вересня запроваджується новий розклад руху транспорту,інформаційні
Надсилаємо промокод на знижку 20% на всі послуги нашої компанії,рекламні
Запрошуємо всіх на відкриття нового магазину в центрі міста,рекламні
Шукаємо спеціаліста з реклами для роботи в нашій компанії,робочі
Повідомляємо про те що з 1 січня збільшується мінімальна заробітна плата,інформаційні
Нагадуємо про те що потрібно оплатити податки до 15 квітня,інформаційні
Пропонуємо послуги з розробки веб-сайтів та мобільних додатків,рекламні
Шукаємо кандидата на посаду інженера з електроніки для розробки нових пристроїв,робочі
Запрошуємо на безкоштовну презентацію нашого нового продукту,рекламні
Шукаємо кандидата на посаду адвоката зі спеціалізацією на сімейному праві,робочі
Надсилаємо пропозиції щодо покращення умов співпраці нашої компанії з вашою,інформаційні
Повідомляємо про те що у зв'язку з погіршенням погодних умов транспорт може рухатися зі затримкою,інформаційні
Пропонуємо послуги з професійного вивчення англійської мови,рекламні
Запрошуємо на безкоштовний семінар з управління проектами,інформаційні
Шукаємо кандидата на посаду викладача з програмування,робочі
Надсилаємо промокод на знижку 10% на перший замовлення у нашому інтернет-магазині,рекламні
Повідомляємо про те що у зв'язку з ремонтними роботами на дорозі можливі затримки в русі транспорту,інформаційні
Пропонуємо послуги з ремонту пральних машин будь-яких марок,рекламні
Шукаємо кандидата на посаду керівника відділу продажу,робочі
Пропонуємо послуги з організації дитячих свят та заходів,рекламні
Надсилаємо розклад руху транспорту на наступний тиждень,інформаційні
Шукаємо кандидата на посаду менеджера з продажу автомобілів,робочі